company,category,priority,benchmark_signal
BrightLocal,Local SEO & listings,1 - study first,G2 local marketing / local SEO category
Yext,Local SEO & listings,1 - study first,G2 local marketing / local SEO category
SOCi,Local SEO & listings,1 - study first,G2 local marketing / local SEO category
Birdeye,Local SEO & listings,1 - study first,G2 local marketing / local SEO category
Reputation,Local SEO & listings,1 - study first,G2 local marketing / local SEO category
Semrush,Local SEO & listings,1 - study first,G2 local marketing / local SEO category
SE Ranking,Local SEO & listings,1 - study first,G2 local marketing / local SEO category
Moz Local,Local SEO & listings,1 - study first,G2 local marketing / local SEO category
Whitespark,Local SEO & listings,2 - compare,G2 local marketing / local SEO category
Local Falcon,Local SEO & listings,1 - study first,G2 local marketing / local SEO category
Grid My Business,Local SEO & listings,1 - study first,G2 local marketing / local SEO category
Localo,Local SEO & listings,1 - study first,G2 local marketing / local SEO category
Synup,Local SEO & listings,1 - study first,G2 local marketing / local SEO category
Uberall,Local SEO & listings,1 - study first,G2 local marketing / local SEO category
Rio SEO,Local SEO & listings,1 - study first,G2 local marketing / local SEO category
Partoo,Local SEO & listings,1 - study first,G2 local marketing / local SEO category
Advice Local,Local SEO & listings,2 - compare,G2 local marketing / local SEO category
Vendasta,Local SEO & listings,1 - study first,G2 local marketing / local SEO category
Chatmeter,Local SEO & listings,2 - compare,G2 local marketing / local SEO category
MomentFeed,Local SEO & listings,2 - compare,G2 local marketing / local SEO category
Location3,Local SEO & listings,2 - compare,G2 local marketing / local SEO category
SweetIQ,Local SEO & listings,2 - compare,G2 local marketing / local SEO category
GatherUp,Local SEO & listings,2 - compare,G2 local marketing / local SEO category
Citation Builder Pro,Local SEO & listings,2 - compare,G2 local marketing / local SEO category
GeoRanker,Local SEO & listings,2 - compare,G2 local marketing / local SEO category
GeoGrid,Local SEO & listings,2 - compare,G2 local marketing / local SEO category
GMBapi.com,Local SEO & listings,2 - compare,G2 local marketing / local SEO category
Surfer Local,Local SEO & listings,2 - compare,G2 local marketing / local SEO category
Local Viking,Local SEO & listings,2 - compare,G2 local marketing / local SEO category
Street Fight,Local SEO & listings,2 - compare,G2 local marketing / local SEO category
Podium,Reputation & reviews,1 - study first,G2 local marketing / local SEO category
NiceJob,Reputation & reviews,2 - compare,G2 local marketing / local SEO category
Grade.us,Reputation & reviews,2 - compare,G2 local marketing / local SEO category
Trustpilot,Reputation & reviews,2 - compare,G2 local marketing / local SEO category
Feefo,Reputation & reviews,2 - compare,G2 local marketing / local SEO category
Trustmary,Reputation & reviews,2 - compare,G2 local marketing / local SEO category
Broadly,Reputation & reviews,2 - compare,G2 local marketing / local SEO category
TrueReview,Reputation & reviews,2 - compare,G2 local marketing / local SEO category
ReviewGrower,Reputation & reviews,2 - compare,G2 local marketing / local SEO category
Reviewshake,Reputation & reviews,2 - compare,G2 local marketing / local SEO category
ReviewPush,Reputation & reviews,2 - compare,G2 local marketing / local SEO category
ReviewInc,Reputation & reviews,2 - compare,G2 local marketing / local SEO category
Customer.guru,Reputation & reviews,2 - compare,G2 local marketing / local SEO category
Reviewly,Reputation & reviews,2 - compare,G2 local marketing / local SEO category
Weave,Reputation & reviews,2 - compare,G2 local marketing / local SEO category
Swell,Reputation & reviews,2 - compare,G2 local marketing / local SEO category
MyReviewBoost,Reputation & reviews,2 - compare,G2 local marketing / local SEO category
ReviewRobin,Reputation & reviews,2 - compare,G2 local marketing / local SEO category
ReviewFlowz,Reputation & reviews,2 - compare,G2 local marketing / local SEO category
Endorsal,Reputation & reviews,2 - compare,G2 local marketing / local SEO category
Senja,Reputation & reviews,2 - compare,G2 local marketing / local SEO category
Testimonial.to,Reputation & reviews,2 - compare,G2 local marketing / local SEO category
HubSpot,CRM & marketing automation,1 - study first,Adjacent SMB growth benchmark
Salesforce,CRM & marketing automation,2 - compare,Adjacent SMB growth benchmark
Zoho CRM,CRM & marketing automation,2 - compare,Adjacent SMB growth benchmark
Pipedrive,CRM & marketing automation,2 - compare,Adjacent SMB growth benchmark
Keap,CRM & marketing automation,1 - study first,Adjacent SMB growth benchmark
ActiveCampaign,CRM & marketing automation,2 - compare,Adjacent SMB growth benchmark
Mailchimp,CRM & marketing automation,2 - compare,Adjacent SMB growth benchmark
Klaviyo,CRM & marketing automation,2 - compare,Adjacent SMB growth benchmark
Drip,CRM & marketing automation,2 - compare,Adjacent SMB growth benchmark
Brevo,CRM & marketing automation,2 - compare,Adjacent SMB growth benchmark
Constant Contact,CRM & marketing automation,2 - compare,Adjacent SMB growth benchmark
GetResponse,CRM & marketing automation,2 - compare,Adjacent SMB growth benchmark
Campaign Monitor,CRM & marketing automation,2 - compare,Adjacent SMB growth benchmark
Adobe Marketo Engage,CRM & marketing automation,2 - compare,Adjacent SMB growth benchmark
Freshsales,CRM & marketing automation,2 - compare,Adjacent SMB growth benchmark
Insightly,CRM & marketing automation,2 - compare,Adjacent SMB growth benchmark
Copper,CRM & marketing automation,2 - compare,Adjacent SMB growth benchmark
Capsule CRM,CRM & marketing automation,2 - compare,Adjacent SMB growth benchmark
Nimble,CRM & marketing automation,2 - compare,Adjacent SMB growth benchmark
Close,CRM & marketing automation,2 - compare,Adjacent SMB growth benchmark
Less Annoying CRM,CRM & marketing automation,2 - compare,Adjacent SMB growth benchmark
Agile CRM,CRM & marketing automation,2 - compare,Adjacent SMB growth benchmark
Bitrix24,CRM & marketing automation,2 - compare,Adjacent SMB growth benchmark
SuiteCRM,CRM & marketing automation,2 - compare,Adjacent SMB growth benchmark
SugarCRM,CRM & marketing automation,2 - compare,Adjacent SMB growth benchmark
Creatio,CRM & marketing automation,2 - compare,Adjacent SMB growth benchmark
Zendesk Sell,CRM & marketing automation,2 - compare,Adjacent SMB growth benchmark
Monday Sales CRM,CRM & marketing automation,2 - compare,Adjacent SMB growth benchmark
Nutshell,CRM & marketing automation,2 - compare,Adjacent SMB growth benchmark
EngageBay,CRM & marketing automation,2 - compare,Adjacent SMB growth benchmark
Ontraport,CRM & marketing automation,2 - compare,Adjacent SMB growth benchmark
HighLevel,CRM & marketing automation,1 - study first,Adjacent SMB growth benchmark
OpenPhone,Messaging & calls,3 - adjacent,Adjacent SMB growth benchmark
Aircall,Messaging & calls,3 - adjacent,Adjacent SMB growth benchmark
Dialpad,Messaging & calls,3 - adjacent,Adjacent SMB growth benchmark
RingCentral,Messaging & calls,3 - adjacent,Adjacent SMB growth benchmark
Nextiva,Messaging & calls,3 - adjacent,Adjacent SMB growth benchmark
Grasshopper,Messaging & calls,3 - adjacent,Adjacent SMB growth benchmark
8x8,Messaging & calls,3 - adjacent,Adjacent SMB growth benchmark
Vonage Business,Messaging & calls,3 - adjacent,Adjacent SMB growth benchmark
CloudTalk,Messaging & calls,3 - adjacent,Adjacent SMB growth benchmark
JustCall,Messaging & calls,3 - adjacent,Adjacent SMB growth benchmark
Kixie,Messaging & calls,3 - adjacent,Adjacent SMB growth benchmark
CallRail,Messaging & calls,3 - adjacent,Adjacent SMB growth benchmark
Twilio,Messaging & calls,3 - adjacent,Adjacent SMB growth benchmark
Telnyx,Messaging & calls,3 - adjacent,Adjacent SMB growth benchmark
TextMagic,Messaging & calls,3 - adjacent,Adjacent SMB growth benchmark
Sakari,Messaging & calls,3 - adjacent,Adjacent SMB growth benchmark
SimpleTexting,Messaging & calls,3 - adjacent,Adjacent SMB growth benchmark
EZ Texting,Messaging & calls,3 - adjacent,Adjacent SMB growth benchmark
Calendly,Bookings & appointments,3 - adjacent,Adjacent SMB growth benchmark
Acuity Scheduling,Bookings & appointments,3 - adjacent,Adjacent SMB growth benchmark
Setmore,Bookings & appointments,3 - adjacent,Adjacent SMB growth benchmark
SimplyBook.me,Bookings & appointments,3 - adjacent,Adjacent SMB growth benchmark
Square Appointments,Bookings & appointments,3 - adjacent,Adjacent SMB growth benchmark
Fresha,Bookings & appointments,3 - adjacent,Adjacent SMB growth benchmark
Vagaro,Bookings & appointments,3 - adjacent,Adjacent SMB growth benchmark
Mindbody,Bookings & appointments,3 - adjacent,Adjacent SMB growth benchmark
Boulevard,Bookings & appointments,3 - adjacent,Adjacent SMB growth benchmark
GlossGenius,Bookings & appointments,3 - adjacent,Adjacent SMB growth benchmark
Squire,Bookings & appointments,3 - adjacent,Adjacent SMB growth benchmark
Zenoti,Bookings & appointments,3 - adjacent,Adjacent SMB growth benchmark
Phorest,Bookings & appointments,3 - adjacent,Adjacent SMB growth benchmark
Treatwell,Bookings & appointments,3 - adjacent,Adjacent SMB growth benchmark
Booksy,Bookings & appointments,3 - adjacent,Adjacent SMB growth benchmark
Jane App,Bookings & appointments,3 - adjacent,Adjacent SMB growth benchmark
YouCanBook.me,Bookings & appointments,3 - adjacent,Adjacent SMB growth benchmark
Appointy,Bookings & appointments,3 - adjacent,Adjacent SMB growth benchmark
Reservio,Bookings & appointments,3 - adjacent,Adjacent SMB growth benchmark
vcita,Bookings & appointments,3 - adjacent,Adjacent SMB growth benchmark
Timely,Bookings & appointments,3 - adjacent,Adjacent SMB growth benchmark
HoneyBook,Bookings & appointments,3 - adjacent,Adjacent SMB growth benchmark
Stripe,"Payments, POS & finance",1 - study first,Adjacent SMB growth benchmark
Square,"Payments, POS & finance",1 - study first,Adjacent SMB growth benchmark
PayPal,"Payments, POS & finance",3 - adjacent,Adjacent SMB growth benchmark
SumUp,"Payments, POS & finance",3 - adjacent,Adjacent SMB growth benchmark
Zettle,"Payments, POS & finance",3 - adjacent,Adjacent SMB growth benchmark
Clover,"Payments, POS & finance",3 - adjacent,Adjacent SMB growth benchmark
Lightspeed,"Payments, POS & finance",3 - adjacent,Adjacent SMB growth benchmark
Shopify POS,"Payments, POS & finance",3 - adjacent,Adjacent SMB growth benchmark
Toast,"Payments, POS & finance",3 - adjacent,Adjacent SMB growth benchmark
SpotOn,"Payments, POS & finance",3 - adjacent,Adjacent SMB growth benchmark
Heartland,"Payments, POS & finance",3 - adjacent,Adjacent SMB growth benchmark
Helcim,"Payments, POS & finance",3 - adjacent,Adjacent SMB growth benchmark
GoCardless,"Payments, POS & finance",3 - adjacent,Adjacent SMB growth benchmark
QuickBooks Payments,"Payments, POS & finance",3 - adjacent,Adjacent SMB growth benchmark
Xero,"Payments, POS & finance",3 - adjacent,Adjacent SMB growth benchmark
FreshBooks,"Payments, POS & finance",3 - adjacent,Adjacent SMB growth benchmark
Wave,"Payments, POS & finance",3 - adjacent,Adjacent SMB growth benchmark
Sage,"Payments, POS & finance",3 - adjacent,Adjacent SMB growth benchmark
Chargebee,"Payments, POS & finance",3 - adjacent,Adjacent SMB growth benchmark
Recurly,"Payments, POS & finance",3 - adjacent,Adjacent SMB growth benchmark
Paddle,"Payments, POS & finance",3 - adjacent,Adjacent SMB growth benchmark
Adyen,"Payments, POS & finance",3 - adjacent,Adjacent SMB growth benchmark
Wix,Websites & commerce,1 - study first,Adjacent SMB growth benchmark
Squarespace,Websites & commerce,3 - adjacent,Adjacent SMB growth benchmark
Automattic,Websites & commerce,3 - adjacent,Adjacent SMB growth benchmark
Webflow,Websites & commerce,3 - adjacent,Adjacent SMB growth benchmark
Shopify,Websites & commerce,1 - study first,Adjacent SMB growth benchmark
BigCommerce,Websites & commerce,3 - adjacent,Adjacent SMB growth benchmark
Ecwid,Websites & commerce,3 - adjacent,Adjacent SMB growth benchmark
WooCommerce,Websites & commerce,3 - adjacent,Adjacent SMB growth benchmark
Weebly,Websites & commerce,3 - adjacent,Adjacent SMB growth benchmark
Duda,Websites & commerce,3 - adjacent,Adjacent SMB growth benchmark
GoDaddy Websites,Websites & commerce,3 - adjacent,Adjacent SMB growth benchmark
Hostinger,Websites & commerce,3 - adjacent,Adjacent SMB growth benchmark
Carrd,Websites & commerce,3 - adjacent,Adjacent SMB growth benchmark
Framer,Websites & commerce,3 - adjacent,Adjacent SMB growth benchmark
Leadpages,Websites & commerce,3 - adjacent,Adjacent SMB growth benchmark
Unbounce,Websites & commerce,3 - adjacent,Adjacent SMB growth benchmark
Instapage,Websites & commerce,3 - adjacent,Adjacent SMB growth benchmark
Jimdo,Websites & commerce,3 - adjacent,Adjacent SMB growth benchmark
Strikingly,Websites & commerce,3 - adjacent,Adjacent SMB growth benchmark
Square Online,Websites & commerce,3 - adjacent,Adjacent SMB growth benchmark
SITE123,Websites & commerce,3 - adjacent,Adjacent SMB growth benchmark
Durable,Websites & commerce,3 - adjacent,Adjacent SMB growth benchmark
Hootsuite,Social & content,3 - adjacent,Adjacent SMB growth benchmark
Buffer,Social & content,3 - adjacent,Adjacent SMB growth benchmark
Sprout Social,Social & content,3 - adjacent,Adjacent SMB growth benchmark
Later,Social & content,3 - adjacent,Adjacent SMB growth benchmark
Planoly,Social & content,3 - adjacent,Adjacent SMB growth benchmark
Loomly,Social & content,3 - adjacent,Adjacent SMB growth benchmark
SocialPilot,Social & content,3 - adjacent,Adjacent SMB growth benchmark
Agorapulse,Social & content,3 - adjacent,Adjacent SMB growth benchmark
Metricool,Social & content,3 - adjacent,Adjacent SMB growth benchmark
Sendible,Social & content,3 - adjacent,Adjacent SMB growth benchmark
Vista Social,Social & content,3 - adjacent,Adjacent SMB growth benchmark
Publer,Social & content,3 - adjacent,Adjacent SMB growth benchmark
Tailwind,Social & content,3 - adjacent,Adjacent SMB growth benchmark
Canva,Social & content,1 - study first,Adjacent SMB growth benchmark
Adobe Express,Social & content,3 - adjacent,Adjacent SMB growth benchmark
CapCut,Social & content,3 - adjacent,Adjacent SMB growth benchmark
Descript,Social & content,3 - adjacent,Adjacent SMB growth benchmark
Jasper,Social & content,3 - adjacent,Adjacent SMB growth benchmark
Google Analytics,Analytics & conversion,1 - study first,Adjacent SMB growth benchmark
Google Search Console,Analytics & conversion,3 - adjacent,Adjacent SMB growth benchmark
Looker Studio,Analytics & conversion,3 - adjacent,Adjacent SMB growth benchmark
Hotjar,Analytics & conversion,3 - adjacent,Adjacent SMB growth benchmark
Microsoft Clarity,Analytics & conversion,3 - adjacent,Adjacent SMB growth benchmark
Mixpanel,Analytics & conversion,3 - adjacent,Adjacent SMB growth benchmark
Amplitude,Analytics & conversion,3 - adjacent,Adjacent SMB growth benchmark
Heap,Analytics & conversion,3 - adjacent,Adjacent SMB growth benchmark
FullStory,Analytics & conversion,3 - adjacent,Adjacent SMB growth benchmark
Crazy Egg,Analytics & conversion,3 - adjacent,Adjacent SMB growth benchmark
VWO,Analytics & conversion,3 - adjacent,Adjacent SMB growth benchmark
Optimizely,Analytics & conversion,3 - adjacent,Adjacent SMB growth benchmark
AB Tasty,Analytics & conversion,3 - adjacent,Adjacent SMB growth benchmark
Contentsquare,Analytics & conversion,3 - adjacent,Adjacent SMB growth benchmark
Matomo,Analytics & conversion,3 - adjacent,Adjacent SMB growth benchmark
Plausible,Analytics & conversion,3 - adjacent,Adjacent SMB growth benchmark
Fathom Analytics,Analytics & conversion,3 - adjacent,Adjacent SMB growth benchmark
AgencyAnalytics,Analytics & conversion,3 - adjacent,Adjacent SMB growth benchmark
Google Ads,Advertising & lead marketplaces,1 - study first,Adjacent SMB growth benchmark
Meta Ads,Advertising & lead marketplaces,3 - adjacent,Adjacent SMB growth benchmark
Microsoft Advertising,Advertising & lead marketplaces,3 - adjacent,Adjacent SMB growth benchmark
TikTok Ads,Advertising & lead marketplaces,3 - adjacent,Adjacent SMB growth benchmark
LinkedIn Ads,Advertising & lead marketplaces,3 - adjacent,Adjacent SMB growth benchmark
Yelp Ads,Advertising & lead marketplaces,3 - adjacent,Adjacent SMB growth benchmark
Nextdoor Ads,Advertising & lead marketplaces,3 - adjacent,Adjacent SMB growth benchmark
Waze Ads,Advertising & lead marketplaces,3 - adjacent,Adjacent SMB growth benchmark
Google Local Services Ads,Advertising & lead marketplaces,3 - adjacent,Adjacent SMB growth benchmark
Thumbtack,Advertising & lead marketplaces,3 - adjacent,Adjacent SMB growth benchmark
Bark,Advertising & lead marketplaces,3 - adjacent,Adjacent SMB growth benchmark
Angi,Advertising & lead marketplaces,3 - adjacent,Adjacent SMB growth benchmark
Checkatrade,Advertising & lead marketplaces,3 - adjacent,Adjacent SMB growth benchmark
TrustATrader,Advertising & lead marketplaces,3 - adjacent,Adjacent SMB growth benchmark
Houzz,Advertising & lead marketplaces,3 - adjacent,Adjacent SMB growth benchmark
HomeAdvisor,Advertising & lead marketplaces,3 - adjacent,Adjacent SMB growth benchmark
Porch,Advertising & lead marketplaces,3 - adjacent,Adjacent SMB growth benchmark
TaskRabbit,Advertising & lead marketplaces,3 - adjacent,Adjacent SMB growth benchmark
Smile.io,Loyalty & referrals,3 - adjacent,Adjacent SMB growth benchmark
LoyaltyLion,Loyalty & referrals,3 - adjacent,Adjacent SMB growth benchmark
Yotpo Loyalty,Loyalty & referrals,3 - adjacent,Adjacent SMB growth benchmark
ReferralCandy,Loyalty & referrals,3 - adjacent,Adjacent SMB growth benchmark
Friendbuy,Loyalty & referrals,3 - adjacent,Adjacent SMB growth benchmark
Extole,Loyalty & referrals,3 - adjacent,Adjacent SMB growth benchmark
Ambassador,Loyalty & referrals,3 - adjacent,Adjacent SMB growth benchmark
Tapfiliate,Loyalty & referrals,3 - adjacent,Adjacent SMB growth benchmark
Rewardful,Loyalty & referrals,3 - adjacent,Adjacent SMB growth benchmark
Referral Rock,Loyalty & referrals,3 - adjacent,Adjacent SMB growth benchmark
Zinrelo,Loyalty & referrals,3 - adjacent,Adjacent SMB growth benchmark
Kangaroo,Loyalty & referrals,3 - adjacent,Adjacent SMB growth benchmark
FiveStars,Loyalty & referrals,3 - adjacent,Adjacent SMB growth benchmark
Housecall Pro,Field service & professional workflows,1 - study first,GetLatka local marketing company set
Jobber,Field service & professional workflows,1 - study first,GetLatka local marketing company set
ServiceTitan,Field service & professional workflows,3 - adjacent,Adjacent SMB growth benchmark
Workiz,Field service & professional workflows,3 - adjacent,Adjacent SMB growth benchmark
ServiceM8,Field service & professional workflows,3 - adjacent,Adjacent SMB growth benchmark
Tradify,Field service & professional workflows,3 - adjacent,Adjacent SMB growth benchmark
Fergus,Field service & professional workflows,3 - adjacent,Adjacent SMB growth benchmark
Simpro,Field service & professional workflows,3 - adjacent,Adjacent SMB growth benchmark
Commusoft,Field service & professional workflows,3 - adjacent,Adjacent SMB growth benchmark
Kickserv,Field service & professional workflows,3 - adjacent,Adjacent SMB growth benchmark
FieldPulse,Field service & professional workflows,3 - adjacent,Adjacent SMB growth benchmark
Service Fusion,Field service & professional workflows,3 - adjacent,Adjacent SMB growth benchmark
Dubsado,Field service & professional workflows,3 - adjacent,Adjacent SMB growth benchmark
Bonsai,Field service & professional workflows,3 - adjacent,Adjacent SMB growth benchmark
Scoro,Field service & professional workflows,3 - adjacent,Adjacent SMB growth benchmark
